{"0.8702072401418928":{"user_id":1},"0.8455254450549117":{"user_id":1},"0.17743446485456293":{"user_id":3},"0.6783569272096583":{"user_id":1},"0.42902556842205186":{"user_id":3}}